{
  "dir": "data/nih/images/",
  "n": 100,
  "heart_size": [
    0.580078125,
    0.484375,
    0.517578125,
    0.44140625,
    0.796875,
    1.0,
    1.0,
    1.0,
    0.578125,
    0.544921875,
    0.63671875,
    1.0,
    0.673828125,
    1.0,
    0.88671875,
    0.7578125,
    0.509765625,
    0.5625,
    0.525390625,
    1.0,
    0.1875,
    1.0,
    1.0,
    0.75,
    0.73046875,
    0.515625,
    0.494140625,
    0.533203125,
    0.69921875,
    1.0,
    0.1015625,
    0.44140625,
    0.611328125,
    0.7734375,
    0.52734375,
    0.80859375,
    0.453125,
    0.806640625,
    0.521484375,
    0.517578125,
    0.69140625,
    0.5625,
    0.583984375,
    0.498046875,
    0.443359375,
    0.603515625,
    1.0,
    0.8984375,
    0.595703125,
    0.59375,
    0.591796875,
    0.578125,
    1.0,
    0.59375,
    0.5234375,
    0.5703125,
    0.583984375,
    0.61328125,
    0.673828125,
    0.548828125,
    0.53125,
    0.541015625,
    0.548828125,
    0.654296875,
    0.630859375,
    0.7421875,
    0.478515625,
    1.0,
    0.556640625,
    0.533203125,
    0.4765625,
    0.5078125,
    0.6015625,
    0.48828125,
    0.46875,
    0.404296875,
    0.50390625,
    0.517578125,
    0.462890625,
    0.509765625,
    1.0,
    0.505859375,
    0.62109375,
    0.5546875,
    0.4921875,
    0.470703125,
    0.806640625,
    0.6171875,
    0.732421875,
    0.55859375,
    0.640625,
    0.484375,
    0.2265625,
    0.548828125,
    0.4921875,
    1.0,
    0.884765625,
    0.724609375,
    0.41796875,
    0.46484375
  ],
  "blunting": [
    0.12809807062149048,
    0.03689340502023697,
    0.08343261480331421,
    0.11294339597225189,
    0.16711969673633575,
    0.07954699546098709,
    0.21706929802894592,
    0.05933960899710655,
    0.2779102325439453,
    0.009087121114134789,
    0.07392563670873642,
    0.03234126791357994,
    0.004863846581429243,
    0.05318475514650345,
    0.19337362051010132,
    0.028444768860936165,
    0.04608045890927315,
    0.0,
    0.0,
    0.002585478825494647,
    0.0442294217646122,
    0.0,
    0.00047558583901263773,
    0.0013080989010632038,
    0.004431546200066805,
    0.037240706384181976,
    0.0,
    0.0,
    0.0,
    0.00025039221509359777,
    0.2520006000995636,
    0.00016838069132063538,
    0.0018382170237600803,
    0.008297021500766277,
    0.026411494240164757,
    0.0,
    0.004608458373695612,
    0.0,
    0.016969837248325348,
    0.053865768015384674,
    0.21051372587680817,
    0.006982671562582254,
    0.15986311435699463,
    0.04370371252298355,
    0.20437128841876984,
    0.0,
    0.004442183300852776,
    0.004749113693833351,
    0.009906486608088017,
    0.30914363265037537,
    0.08970221877098083,
    0.0033201510086655617,
    0.00035798412864096463,
    0.0,
    0.08496861159801483,
    0.02915283851325512,
    0.00953345000743866,
    0.0,
    0.0029807898681610823,
    0.0015391712076961994,
    0.0,
    0.0001942770613823086,
    0.10058493167161942,
    0.13443948328495026,
    0.11512661725282669,
    0.020040279254317284,
    0.09470022469758987,
    0.004064525477588177,
    0.007129507139325142,
    0.0233176089823246,
    0.0035923051182180643,
    0.0,
    0.03530311957001686,
    0.0002209418744314462,
    0.0003212963347323239,
    0.03339649364352226,
    3.929423473891802e-05,
    0.001171887619420886,
    0.08810034394264221,
    0.0,
    0.0,
    0.0035783073399215937,
    0.003311492968350649,
    0.005429972894489765,
    0.02056124433875084,
    0.03398025035858154,
    0.11769041419029236,
    0.0,
    0.0,
    0.002995181130245328,
    0.02267739176750183,
    0.1774206906557083,
    0.0696435496211052,
    0.028843224048614502,
    0.009213591925799847,
    0.139251247048378,
    0.0004621357365977019,
    0.005521244369447231,
    0.21869933605194092,
    0.24387849867343903
  ],
  "summary": {
    "heart_size": {
      "mean": 0.63119140625,
      "std": 0.19471021492155927,
      "n": 100
    },
    "blunting": {
      "mean": 0.04998467855624767,
      "std": 0.07331300856000339,
      "n": 100
    }
  }
}