{
  "set_a": "/tmp/rb_a",
  "set_b": "/tmp/rb_b",
  "embed": "xrv",
  "fid": {
    "fid": 0.25541307264981405,
    "n_a": 532,
    "n_b": 531,
    "dim": 1024
  },
  "kid": {
    "kid": -3.7335357540060344e-05,
    "kid_std": 6.562752812953608e-05,
    "kid_subsets": [
      -8.48179890029499e-05,
      -2.3082696922305246e-05,
      -9.31665272445592e-05,
      -5.882202399565273e-05,
      -2.403602702649721e-05,
      -2.584221559631672e-05,
      -5.5539635245960284e-05,
      -8.75782613372067e-05,
      -4.2748156922733926e-05,
      0.00012595593561570695,
      -3.658814066431759e-05,
      -2.9722529411913e-05,
      -9.797694188407036e-05,
      -3.3528021824213994e-05,
      -3.551626736131297e-05,
      -0.00010878132661451545,
      -5.803365704482033e-05,
      -0.00010089829699877484,
      0.00019750155178277495,
      -0.00011706005632428074,
      2.149611279955721e-05,
      0.0001736751277054971,
      -5.8164734376919824e-05,
      3.527295224348137e-05,
      -0.00010613178009588609,
      -4.895821474137918e-05,
      -7.449507316170667e-05,
      -4.437004173762915e-05,
      -5.255561102002204e-05,
      -4.6828965425849134e-05,
      -8.735421689243239e-05,
      -5.7150452216880865e-05,
      -0.00010412319865693576,
      -7.105706752064123e-05,
      -4.4129724287245153e-05,
      -7.328837173981029e-05,
      -1.0442775175700802e-05,
      -1.0452999916310546e-05,
      1.2028845654210585e-05,
      -6.139548423966801e-05,
      -2.5458008097167806e-05,
      -1.9358071180697323e-05,
      -5.605757902005237e-05,
      -0.00012584091672485087,
      2.470337884963314e-05,
      4.4846177345903016e-05,
      4.2367942785226376e-06,
      6.404703118967348e-05,
      -1.837593918496694e-05,
      -0.00010518604505671547,
      5.6912548934473506e-05,
      -3.6891806735273036e-05,
      -7.277484606182938e-05,
      -7.32196867119228e-05,
      -4.686600529657525e-05,
      -3.472431025475231e-05,
      -1.1702272864066998e-05,
      -0.00011898882220773288,
      -3.936861717201978e-05,
      -6.369795287852753e-05,
      -8.370990969419623e-05,
      -3.850682918882242e-05,
      -9.378136997639785e-06,
      -2.0946506428032308e-05,
      -0.00010736892671703302,
      -9.48346497064989e-06,
      -1.5613266680425397e-05,
      -8.119649060445155e-05,
      -6.122230105187754e-05,
      -4.510082435027485e-05,
      -8.166164660527997e-05,
      0.0002457309517072126,
      -3.59311173343535e-05,
      -1.0488443269451864e-05,
      -6.323317817091834e-05,
      -9.944439316589282e-05,
      6.233750057749177e-05,
      1.8174209469368208e-05,
      -8.72426825724304e-05,
      -4.170657279622958e-05,
      -2.4872889798466247e-05,
      -9.349990637996797e-05,
      -0.00010550355797844801,
      2.736690422056043e-05,
      8.97952523182255e-05,
      -7.927555997744307e-05,
      -0.00012497510961972935,
      -9.436116508299008e-05,
      -6.516402342571226e-05,
      -8.881363936730224e-06,
      7.667580817471986e-05,
      -0.00011022100341540053,
      -1.0015805109286902e-05,
      -8.400219403315035e-05,
      -7.946473920927843e-05,
      -5.117749316241316e-05,
      -8.205046532738791e-05,
      -4.379984101721135e-05,
      -3.0907990705486554e-05,
      -0.00012073667602141569
    ],
    "subset_size": 200,
    "n_subsets": 100,
    "n_a": 532,
    "n_b": 531
  }
}