{
  "pair": "cardiomegaly,effusion",
  "n_a": 532,
  "n_b": 531,
  "n_half": 531,
  "c2st": {
    "auc": 0.5002070855103861,
    "auc_std": 0.013677883647030792,
    "floor95_analytic": 0.534740619574201,
    "clears_floor": false
  },
  "mmd": {
    "mmd2": -0.0008139596060021681,
    "p_value": 0.9950248756218906,
    "ci95": [
      -0.0007301986217498779,
      0.0014768004417419441
    ],
    "upper95": 0.0014768004417419441
  },
  "fid": {
    "fid": 0.25541543074937323,
    "ci95": [
      0.24962924339599707,
      0.3383327410530543
    ],
    "upper95": 0.3383327410530543
  },
  "kid": {
    "kid": -3.733493696592927e-05,
    "kid_std": 6.562638104059662e-05,
    "ci95": [
      -4.366636276245117e-05,
      9.329915046691896e-05
    ],
    "upper95": 9.329915046691896e-05
  },
  "min_n": 200,
  "power_flag": false,
  "n_boot": 200
}