{
  "verdict": "VALIDATION PASS \u2713",
  "held_out": false,
  "val_frac": null,
  "youden_threshold_cardio": 0.6163421869277954,
  "youden_threshold_effusion": 0.5156896710395813,
  "val_auc_cardio": 0.9024206697604414,
  "val_auc_effusion": 0.8904883137765357,
  "results": {
    "cardio": {
      "mean": 0.7839422821998596,
      "ci95": [
        0.7571859955787659,
        0.8111385703086853
      ],
      "n": 201,
      "pass": true
    },
    "effusion": {
      "mean": 0.7066918611526489,
      "ci95": [
        0.6790802478790283,
        0.7327954769134521
      ],
      "n": 238,
      "pass": true
    },
    "normal": {
      "cardio": {
        "mean": 0.4010459780693054,
        "ci95": [
          0.37606292963027954,
          0.42752301692962646
        ],
        "n": 238
      },
      "effusion": {
        "mean": 0.34529736638069153,
        "ci95": [
          0.319979727268219,
          0.3706147372722626
        ],
        "n": 238
      },
      "pass": true
    }
  }
}